{
  "nodes": [
    [
      {
        "probability": 0.04999999999999993,
        "walls": {
          "N": 0.10000000000000009,
          "E": 0.005813953488371992,
          "S": 0.005813953488371992,
          "W": 0.04999999999999993
        }
      },
      {
        "probability": 0.04999999999999993,
        "walls": {
          "N": 0.04999999999999993,
          "E": 0.10000000000000009,
          "S": 0.0027624309392264568,
          "W": 0.005813953488371992
        }
      }
    ],
    [
      {
        "probability": 0.04999999999999993,
        "walls": {
          "N": 0.005813953488371992,
          "E": 0.95,
          "S": 0.04999999999999993,
          "W": 0.10000000000000009
        }
      },
      {
        "probability": 0.04999999999999993,
        "walls": {
          "N": 0.0027624309392264568,
          "E": 0.9,
          "S": 0.5,
          "W": 0.95
        }
      }
    ]
  ]
}